Type,Name,Request Count,Failure Count,Median Response Time,Average Response Time,Min Response Time,Max Response Time,Average Content Size,Requests/s,Failures/s,50%,66%,75%,80%,90%,95%,98%,99%,99.9%,99.99%,100%
POST,/auth/sql/login,100,0,840.0,1098.474802610026,239.0223860002152,4579.253502000029,84.0,1.3914598814047894,0.0,850,1200,1500,1700,2200,2800,3000,4600,4600,4600,4600
POST,/auth/sql/logout,100,0,530.0,628.1403907399681,8.374666999770852,4164.80176999994,0.0,1.3914598814047894,0.0,540,790,970,1200,1600,1800,2600,4200,4200,4200,4200
POST,/auth/sql/register,100,0,770.0,922.0758398800082,468.58525300012843,2791.0680670001966,181.92,1.3914598814047894,0.0,770,900,1000,1500,1600,1900,2100,2800,2800,2800,2800
,Aggregated,300,0,750.0,882.8970110766675,8.374666999770852,4579.253502000029,88.64,4.174379644214368,0.0,760,970,1200,1400,1700,2100,2800,3000,4600,4600,4600
