Type,Name,Request Count,Failure Count,Median Response Time,Average Response Time,Min Response Time,Max Response Time,Average Content Size,Requests/s,Failures/s,50%,66%,75%,80%,90%,95%,98%,99%,99.9%,99.99%,100%
POST,/auth/redis/register,18,0,740.0,736.5992371107698,704.6135209966451,762.4211820002529,183.0,2.6717954588926967,0.0,740,740,750,760,760,760,760,760,760,760,760
,Aggregated,18,0,740.0,736.5992371107698,704.6135209966451,762.4211820002529,183.0,2.6717954588926967,0.0,740,740,750,760,760,760,760,760,760,760,760
