Type,Name,Request Count,Failure Count,Median Response Time,Average Response Time,Min Response Time,Max Response Time,Average Content Size,Requests/s,Failures/s,50%,66%,75%,80%,90%,95%,98%,99%,99.9%,99.99%,100%
POST,/auth/redis/login,3011,11,168000.0,156701.10518928038,60.046072998375166,279576.46219199884,83.69312520757224,2.0055784193822292,0.0073269221564943605,168000,203000,226000,236000,256000,268000,274000,277000,279000,280000,280000
POST,/auth/redis/logout,3008,8,138000.0,136984.357559613,5.15500300025451,279412.56315899955,0.0,2.003580167885003,0.0053286706592686256,138000,183000,209000,224000,249000,264000,274000,277000,279000,279000,279000
POST,/auth/redis/register,3000,0,136000.0,136521.67724261642,616.6103679988737,278945.37228400074,184.0,1.9982514972257348,0.0,136000,182000,206000,223000,252000,265000,272000,277000,279000,279000,279000
,Aggregated,9019,19,148000.0,143412.90686241136,5.15500300025451,279576.46219199884,89.14513804191152,6.007410084492967,0.012655592815762987,148000,189000,214000,228000,253000,266000,274000,277000,279000,280000,280000
