Type,Name,Request Count,Failure Count,Median Response Time,Average Response Time,Min Response Time,Max Response Time,Average Content Size,Requests/s,Failures/s,50%,66%,75%,80%,90%,95%,98%,99%,99.9%,99.99%,100%
POST,/auth/redis/login,10,0,240.0,250.0306230998831,236.88829299499048,267.65827200142667,84.0,0.14334690230674416,0.0,260,260,260,260,270,270,270,270,270,270,270
POST,/auth/redis/logout,10,0,8,10.947170398867456,5.183527995541226,16.942968999501318,0.0,0.14334690230674416,0.0,14,14,16,17,17,17,17,17,17,17,17
POST,/auth/redis/register,10,0,720.0,667.7323939991766,251.1607409978751,850.429874000838,184.0,0.14334690230674416,0.0,730,740,740,850,850,850,850,850,850,850,850
,Aggregated,30,0,240.0,309.570062499309,5.183527995541226,850.429874000838,89.33333333333333,0.4300407069202325,0.0,250,260,710,720,740,850,850,850,850,850,850
