Type,Name,Request Count,Failure Count,Median Response Time,Average Response Time,Min Response Time,Max Response Time,Average Content Size,Requests/s,Failures/s,50%,66%,75%,80%,90%,95%,98%,99%,99.9%,99.99%,100%
POST,/auth/sql/login,8,0,950.0,1035.709664373826,519.8440679960186,1683.2166749954922,84.0,0.41112275512363133,0.0,1100,1100,1200,1200,1700,1700,1700,1700,1700,1700,1700
POST,/auth/sql/register,52,0,730.0,806.8031545190024,563.0478279999807,1780.2705219946802,183.0,2.6722979083036034,0.0,730,750,800,870,1000,1200,1400,1800,1800,1800,1800
,Aggregated,60,0,740.0,837.3240224996456,519.8440679960186,1780.2705219946802,169.8,3.0834206634272348,0.0,740,800,870,940,1200,1400,1700,1800,1800,1800,1800
