Type,Name,Request Count,Failure Count,Median Response Time,Average Response Time,Min Response Time,Max Response Time,Average Content Size,Requests/s,Failures/s,50%,66%,75%,80%,90%,95%,98%,99%,99.9%,99.99%,100%
POST,/auth/sql/login,1000,0,56000.0,53337.60225560099,282.89426900300896,94567.15950700163,84.0,1.8311912161024315,0.0,56000,68000,76000,79000,87000,91000,94000,94000,95000,95000,95000
POST,/auth/sql/logout,1000,0,41000.0,43768.52571872821,7.76507800037507,94424.47631899995,0.0,1.8311912161024315,0.0,41000,59000,69000,73000,85000,89000,92000,93000,94000,94000,94000
POST,/auth/sql/register,1000,0,41000.0,43853.947729303945,373.3500339949387,93720.09021300619,182.893,1.8311912161024315,0.0,42000,59000,69000,75000,85000,89000,92000,93000,94000,94000,94000
,Aggregated,3000,0,48000.0,46986.69190121095,7.76507800037507,94567.15950700163,88.96433333333333,5.4935736483072946,0.0,48000,63000,72000,77000,86000,90000,92000,93000,94000,95000,95000
